[ 
  { 
    "firstName": "Precious",
    "lastName": "Achiuwa",
    "playerId": 1630173,
    "teamId": 1610612748
  },
  {
    "firstName": "Jaylen",
    "lastName": "Adams",
    "playerId": 1629121,
    "teamId": 0
  },
  {
    "firstName": "Steven",
    "lastName": "Adams",
    "playerId": 203500,
    "teamId": 1610612740
  },
  {
    "firstName": "Bam",
    "lastName": "Adebayo",
    "playerId": 1628389,
    "teamId": 1610612748
  },
  {
    "firstName": "LaMarcus",
    "lastName": "Aldridge",
    "playerId": 200746,
    "teamId": 0
  },
  {
    "firstName": "Ty-Shon",
    "lastName": "Alexander",
    "playerId": 1630234,
    "teamId": 1610612756
  },
  {
    "firstName": "Nickeil",
    "lastName": "Alexander-Walker",
    "playerId": 1629638,
    "teamId": 1610612740
  },
  {
    "firstName": "Grayson",
    "lastName": "Allen",
    "playerId": 1628960,
    "teamId": 1610612763
  },
  {
    "firstName": "Jarrett",
    "lastName": "Allen",
    "playerId": 1628386,
    "teamId": 1610612739
  },
  {
    "firstName": "Al-Farouq",
    "lastName": "Aminu",
    "playerId": 202329,
    "teamId": 1610612741
  },
  {
    "firstName": "Kyle",
    "lastName": "Anderson",
    "playerId": 203937,
    "teamId": 1610612763
  },
  {
    "firstName": "Giannis",
    "lastName": "Antetokounmpo",
    "playerId": 203507,
    "teamId": 1610612749
  },
  {
    "firstName": "Kostas",
    "lastName": "Antetokounmpo",
    "playerId": 1628961,
    "teamId": 1610612747
  },
  {
    "firstName": "Thanasis",
    "lastName": "Antetokounmpo",
    "playerId": 203648,
    "teamId": 1610612749
  },
  {
    "firstName": "Carmelo",
    "lastName": "Anthony",
    "playerId": 2546,
    "teamId": 1610612757
  },
  {
    "firstName": "Cole",
    "lastName": "Anthony",
    "playerId": 1630175,
    "teamId": 1610612753
  },
  {
    "firstName": "OG",
    "lastName": "Anunoby",
    "playerId": 1628384,
    "teamId": 1610612761
  },
  {
    "firstName": "Ryan",
    "lastName": "Arcidiacono",
    "playerId": 1627853,
    "teamId": 1610612741
  },
  {
    "firstName": "Trevor",
    "lastName": "Ariza",
    "playerId": 2772,
    "teamId": 1610612748
  },
  {
    "firstName": "D.J.",
    "lastName": "Augustin",
    "playerId": 201571,
    "teamId": 1610612745
  },
  {
    "firstName": "Deni",
    "lastName": "Avdija",
    "playerId": 1630166,
    "teamId": 1610612764
  },
  {
    "firstName": "Deandre",
    "lastName": "Ayton",
    "playerId": 1629028,
    "teamId": 1610612756
  },
  {
    "firstName": "Udoka",
    "lastName": "Azubuike",
    "playerId": 1628962,
    "teamId": 1610612762
  },
  {
    "firstName": "Dwayne",
    "lastName": "Bacon",
    "playerId": 1628407,
    "teamId": 1610612753
  },
  {
    "firstName": "Marvin",
    "lastName": "Bagley III",
    "playerId": 1628963,
    "teamId": 1610612758
  },
  {
    "firstName": "LaMelo",
    "lastName": "Ball",
    "playerId": 1630163,
    "teamId": 1610612766
  },
  {
    "firstName": "Lonzo",
    "lastName": "Ball",
    "playerId": 1628366,
    "teamId": 1610612740
  },
  {
    "firstName": "Mo",
    "lastName": "Bamba",
    "playerId": 1628964,
    "teamId": 1610612753
  },
  {
    "firstName": "Desmond",
    "lastName": "Bane",
    "playerId": 1630217,
    "teamId": 1610612763
  },
  {
    "firstName": "Harrison",
    "lastName": "Barnes",
    "playerId": 203084,
    "teamId": 1610612758
  },
  {
    "firstName": "RJ",
    "lastName": "Barrett",
    "playerId": 1629628,
    "teamId": 1610612752
  },
  {
    "firstName": "Will",
    "lastName": "Barton",
    "playerId": 203115,
    "teamId": 1610612743
  },
  {
    "firstName": "Keita",
    "lastName": "Bates-Diop",
    "playerId": 1628966,
    "teamId": 1610612759
  },
  {
    "firstName": "Nicolas",
    "lastName": "Batum",
    "playerId": 201587,
    "teamId": 1610612746
  },
  {
    "firstName": "Aron",
    "lastName": "Baynes",
    "playerId": 203382,
    "teamId": 1610612761
  },
  {
    "firstName": "Kent",
    "lastName": "Bazemore",
    "playerId": 203145,
    "teamId": 1610612744
  },
  {
    "firstName": "Darius",
    "lastName": "Bazley",
    "playerId": 1629647,
    "teamId": 1610612760
  },
  {
    "firstName": "Bradley",
    "lastName": "Beal",
    "playerId": 203078,
    "teamId": 1610612764
  },
  {
    "firstName": "Malik",
    "lastName": "Beasley",
    "playerId": 1627736,
    "teamId": 1610612750
  },
  {
    "firstName": "Jordan",
    "lastName": "Bell",
    "playerId": 1628395,
    "teamId": 1610612744
  },
  {
    "firstName": "DeAndre'",
    "lastName": "Bembry",
    "playerId": 1627761,
    "teamId": 1610612761
  },
  {
    "firstName": "Davis",
    "lastName": "Bertans",
    "playerId": 202722,
    "teamId": 1610612764
  },
  {
    "firstName": "Patrick",
    "lastName": "Beverley",
    "playerId": 201976,
    "teamId": 1610612746
  },
  {
    "firstName": "Saddiq",
    "lastName": "Bey",
    "playerId": 1630180,
    "teamId": 1610612765
  },
  {
    "firstName": "Tyler",
    "lastName": "Bey",
    "playerId": 1630189,
    "teamId": 1610612742
  },
  {
    "firstName": "Khem",
    "lastName": "Birch",
    "playerId": 203920,
    "teamId": 1610612761
  },
  {
    "firstName": "Goga",
    "lastName": "Bitadze",
    "playerId": 1629048,
    "teamId": 1610612754
  },
  {
    "firstName": "Bismack",
    "lastName": "Biyombo",
    "playerId": 202687,
    "teamId": 1610612766
  },
  {
    "firstName": "Nemanja",
    "lastName": "Bjelica",
    "playerId": 202357,
    "teamId": 1610612748
  },
  {
    "firstName": "Eric",
    "lastName": "Bledsoe",
    "playerId": 202339,
    "teamId": 1610612740
  },
  {
    "firstName": "Charlie",
    "lastName": "Brown Jr.",
    "playerId": 1629718,
    "teamId": 1610612760
  },
  {
    "firstName": "Troy",
    "lastName": "Brown Jr.",
    "playerId": 1628972,
    "teamId": 1610612741
  },
  {
    "firstName": "Jalen",
    "lastName": "Brunson",
    "playerId": 1628973,
    "teamId": 1610612742
  },
  {
    "firstName": "Elijah",
    "lastName": "Bryant",
    "playerId": 1629091,
    "teamId": 1610612749
  },
  {
    "firstName": "Thomas",
    "lastName": "Bryant",
    "playerId": 1628418,
    "teamId": 1610612764
  },
  {
    "firstName": "Reggie",
    "lastName": "Bullock",
    "playerId": 203493,
    "teamId": 1610612752
  },
  {
    "firstName": "Trey",
    "lastName": "Burke",
    "playerId": 203504,
    "teamId": 1610612742
  },
  {
    "firstName": "Alec",
    "lastName": "Burks",
    "playerId": 202692,
    "teamId": 1610612752
  },
  {
    "firstName": "Jimmy",
    "lastName": "Butler",
    "playerId": 202710,
    "teamId": 1610612748
  },
  {
    "firstName": "Bruno",
    "lastName": "Caboclo",
    "playerId": 203998,
    "teamId": 0
  },
  {
    "firstName": "Devontae",
    "lastName": "Cacok",
    "playerId": 1629719,
    "teamId": 1610612747
  },
  {
    "firstName": "Kentavious",
    "lastName": "Caldwell-Pope",
    "playerId": 203484,
    "teamId": 1610612747
  },
  {
    "firstName": "Facundo",
    "lastName": "Campazzo",
    "playerId": 1630267,
    "teamId": 1610612743
  },
  {
    "firstName": "Vlatko",
    "lastName": "Cancar",
    "playerId": 1628427,
    "teamId": 1610612743
  },
  {
    "firstName": "Devin",
    "lastName": "Cannady",
    "playerId": 1629962,
    "teamId": 0
  },
  {
    "firstName": "Clint",
    "lastName": "Capela",
    "playerId": 203991,
    "teamId": 1610612737
  },
  {
    "firstName": "Vernon",
    "lastName": "Carey Jr.",
    "playerId": 1630176,
    "teamId": 1610612766
  },
  {
    "firstName": "Jevon",
    "lastName": "Carter",
    "playerId": 1628975,
    "teamId": 1610612756
  },
  {
    "firstName": "Wendell",
    "lastName": "Carter Jr.",
    "playerId": 1628976,
    "teamId": 1610612753
  },
  {
    "firstName": "Michael",
    "lastName": "Carter-Williams",
    "playerId": 203487,
    "teamId": 1610612753
  },
  {
    "firstName": "Alex",
    "lastName": "Caruso",
    "playerId": 1627936,
    "teamId": 1610612747
  },
  {
    "firstName": "Willie",
    "lastName": "Cauley-Stein",
    "playerId": 1626161,
    "teamId": 1610612742
  },
  {
    "firstName": "Chris",
    "lastName": "Chiozza",
    "playerId": 1629185,
    "teamId": 1610612751
  },
  {
    "firstName": "Marquese",
    "lastName": "Chriss",
    "playerId": 1627737,
    "teamId": 0
  },
  {
    "firstName": "Gary",
    "lastName": "Clark",
    "playerId": 1629109,
    "teamId": 1610612755
  },
  {
    "firstName": "Brandon",
    "lastName": "Clarke",
    "playerId": 1629634,
    "teamId": 1610612763
  },
  {
    "firstName": "Jordan",
    "lastName": "Clarkson",
    "playerId": 203903,
    "teamId": 1610612762
  },
  {
    "firstName": "Nicolas",
    "lastName": "Claxton",
    "playerId": 1629651,
    "teamId": 1610612751
  },
  {
    "firstName": "Amir",
    "lastName": "Coffey",
    "playerId": 1629599,
    "teamId": 1610612746
  },
  {
    "firstName": "John",
    "lastName": "Collins",
    "playerId": 1628381,
    "teamId": 1610612737
  },
  {
    "firstName": "Zach",
    "lastName": "Collins",
    "playerId": 1628380,
    "teamId": 1610612757
  },
  {
    "firstName": "Mike",
    "lastName": "Conley",
    "playerId": 201144,
    "teamId": 1610612762
  },
  {
    "firstName": "Pat",
    "lastName": "Connaughton",
    "playerId": 1626192,
    "teamId": 1610612749
  },
  {
    "firstName": "Quinn",
    "lastName": "Cook",
    "playerId": 1626188,
    "teamId": 0
  },
  {
    "firstName": "Tyler",
    "lastName": "Cook",
    "playerId": 1629076,
    "teamId": 1610612765
  },
  {
    "firstName": "DeMarcus",
    "lastName": "Cousins",
    "playerId": 202326,
    "teamId": 1610612746
  },
  {
    "firstName": "Robert",
    "lastName": "Covington",
    "playerId": 203496,
    "teamId": 1610612757
  },
  {
    "firstName": "Torrey",
    "lastName": "Craig",
    "playerId": 1628470,
    "teamId": 1610612756
  },
  {
    "firstName": "Jae",
    "lastName": "Crowder",
    "playerId": 203109,
    "teamId": 1610612756
  },
  {
    "firstName": "Jarrett",
    "lastName": "Culver",
    "playerId": 1629633,
    "teamId": 1610612750
  },
  {
    "firstName": "Seth",
    "lastName": "Curry",
    "playerId": 203552,
    "teamId": 1610612755
  },
  {
    "firstName": "Stephen",
    "lastName": "Curry",
    "playerId": 201939,
    "teamId": 1610612744
  },
  {
    "firstName": "Donte",
    "lastName": "DiVincenzo",
    "playerId": 1628978,
    "teamId": 1610612749
  },
  {
    "firstName": "Mamadi",
    "lastName": "Diakite",
    "playerId": 1629603,
    "teamId": 1610612749
  },
  {
    "firstName": "Hamidou",
    "lastName": "Diallo",
    "playerId": 1628977,
    "teamId": 1610612765
  },
  {
    "firstName": "Gorgui",
    "lastName": "Dieng",
    "playerId": 203476,
    "teamId": 1610612759
  },
  {
    "firstName": "Spencer",
    "lastName": "Dinwiddie",
    "playerId": 203915,
    "teamId": 1610612751
  },
  {
    "firstName": "Luka",
    "lastName": "Doncic",
    "playerId": 1629029,
    "teamId": 1610612742
  },
  {
    "firstName": "Luguentz",
    "lastName": "Dort",
    "playerId": 1629652,
    "teamId": 1610612760
  },
  {
    "firstName": "Damyean",
    "lastName": "Dotson",
    "playerId": 1628422,
    "teamId": 1610612739
  },
  {
    "firstName": "Devon",
    "lastName": "Dotson",
    "playerId": 1629653,
    "teamId": 1610612741
  },
  {
    "firstName": "Sekou",
    "lastName": "Doumbouya",
    "playerId": 1629635,
    "teamId": 1610612765
  },
  {
    "firstName": "PJ",
    "lastName": "Dozier",
    "playerId": 1628408,
    "teamId": 1610612743
  },
  {
    "firstName": "Goran",
    "lastName": "Dragic",
    "playerId": 201609,
    "teamId": 1610612748
  },
  {
    "firstName": "Andre",
    "lastName": "Drummond",
    "playerId": 203083,
    "teamId": 1610612747
  },
  {
    "firstName": "Jared",
    "lastName": "Dudley",
    "playerId": 201162,
    "teamId": 1610612747
  },
  {
    "firstName": "Kris",
    "lastName": "Dunn",
    "playerId": 1627739,
    "teamId": 1610612737
  },
  {
    "firstName": "Kevin",
    "lastName": "Durant",
    "playerId": 201142,
    "teamId": 1610612751
  },
  {
    "firstName": "Anthony",
    "lastName": "Edwards",
    "playerId": 1630162,
    "teamId": 1610612750
  },
  {
    "firstName": "Carsen",
    "lastName": "Edwards",
    "playerId": 1629035,
    "teamId": 1610612738
  },
  {
    "firstName": "CJ",
    "lastName": "Elleby",
    "playerId": 1629604,
    "teamId": 1610612757
  },
  {
    "firstName": "Henry",
    "lastName": "Ellenson",
    "playerId": 1627740,
    "teamId": 0
  },
  {
    "firstName": "Wayne",
    "lastName": "Ellington",
    "playerId": 201961,
    "teamId": 1610612765
  },
  {
    "firstName": "Joel",
    "lastName": "Embiid",
    "playerId": 203954,
    "teamId": 1610612755
  },
  {
    "firstName": "James",
    "lastName": "Ennis III",
    "playerId": 203516,
    "teamId": 1610612753
  },
  {
    "firstName": "Drew",
    "lastName": "Eubanks",
    "playerId": 1629234,
    "teamId": 1610612759
  },
  {
    "firstName": "Dante",
    "lastName": "Exum",
    "playerId": 203957,
    "teamId": 1610612745
  },
  {
    "firstName": "Tacko",
    "lastName": "Fall",
    "playerId": 1629605,
    "teamId": 1610612738
  },
  {
    "firstName": "Derrick",
    "lastName": "Favors",
    "playerId": 202324,
    "teamId": 1610612762
  },
  {
    "firstName": "Cristiano",
    "lastName": "Felicio",
    "playerId": 1626245,
    "teamId": 1610612741
  },
  {
    "firstName": "Terrance",
    "lastName": "Ferguson",
    "playerId": 1628390,
    "teamId": 0
  },
  {
    "firstName": "Bruno",
    "lastName": "Fernando",
    "playerId": 1628981,
    "teamId": 1610612737
  },
  {
    "firstName": "Yogi",
    "lastName": "Ferrell",
    "playerId": 1627812,
    "teamId": 1610612746
  }
]